<?xml version="1.0" encoding="UTF-8"?>
<!DOCTYPE mapper
  PUBLIC "-//mybatis.org//DTD Mapper 3.0//EN"
  "http://mybatis.org/dtd/mybatis-3-mapper.dtd">
<mapper namespace="com.watching.mapper.Favorite">
	
	<!-- 테스트를 위한 favlist query-->
	<select id="favlist" resultType="com.watching.dto.FavoriteDTO">
		select f.fCode, f.mId, p.pCode, p.pName, p.pImg from FAVORITE f, PRODUCT p, MEMBER m where p.pCode=f.pCode and f.mId=m.mId and f.mId=#{mId} order by fCode desc
	</select>
	
	<insert id="addfav" parameterType="com.watching.dto.FavoriteDTO">
		insert into FAVORITE (fCode, pCode, mId) values (FAVORITE_SEQ.nextval, #{pCode}, #{mId}) 
 	</insert>
 	
 	<select id="favCheck" resultType="int">
		select count(*) from FAVORITE where pCode=#{pCode}
	</select>
	
	<delete id="deletefav">
		delete from FAVORITE where fCode=#{fCode}
	</delete>

</mapper>