<?xml version="1.0" encoding="UTF-8"?>
<beans:beans xmlns="http://www.springframework.org/schema/mvc"
	xmlns:xsi="http://www.w3.org/2001/XMLSchema-instance"
	xmlns:beans="http://www.springframework.org/schema/beans"
	xmlns:context="http://www.springframework.org/schema/context"
	xsi:schemaLocation="http://www.springframework.org/schema/mvc https://www.springframework.org/schema/mvc/spring-mvc.xsd
		http://www.springframework.org/schema/beans https://www.springframework.org/schema/beans/spring-beans.xsd
		http://www.springframework.org/schema/context https://www.springframework.org/schema/context/spring-context.xsd">
	
	<!-- Root Context: defines shared resources visible to all other web components -->
	
	<beans:bean name="dataSource" class="org.springframework.jdbc.datasource.DriverManagerDataSource" >
		<beans:property name="driverClassName" value="oracle.jdbc.driver.OracleDriver" />
		<beans:property name="url" value="jdbc:oracle:thin:@vs373:1521:xe" />
		<beans:property name="username" value="watching" />
		<beans:property name="password" value="watching" />
	</beans:bean>	
	
	<beans:bean id="sqlSessionFactory" class="org.mybatis.spring.SqlSessionFactoryBean">
		<beans:property name="dataSource" ref="dataSource"></beans:property>
		<beans:property name="mapperLocations" value="classpath:mappers/**/*.xml"></beans:property>
	</beans:bean>	
	
	<beans:bean id="sqlSession" class="org.mybatis.spring.SqlSessionTemplate">
		<beans:constructor-arg index="0" ref="sqlSessionFactory">
		</beans:constructor-arg>
	</beans:bean>
	
</beans:beans>
