<?xml version="1.0" encoding="UTF-8"?>
<!DOCTYPE mapper
  PUBLIC "-//mybatis.org//DTD Mapper 3.0//EN"
  "http://mybatis.org/dtd/mybatis-3-mapper.dtd">
<mapper namespace="com.finalPj.testpj.Category">

	<select id="dms_dramalist" resultType="com.finalPj.testpj.dto.ProductDTO">
		select * from product where kCode='국내드라마' order by pCode desc
	</select>
	
	<select id="abr_dramalist" resultType="com.finalPj.testpj.dto.ProductDTO">
		select * from product where kCode='해외드라마' order by pCode desc
	</select>
	
	<select id="dms_filmlist" resultType="com.finalPj.testpj.dto.ProductDTO">
		select * from product where kCode='국내영화' order by pCode desc
	</select>
	
	<select id="abr_filmlist" resultType="com.finalPj.testpj.dto.ProductDTO">
		select * from product where kCode='해외영화' order by pCode desc
	</select>
	
	
	<select id="listsearch" parameterType="hashMap" resultType="com.finalPj.testpj.dto.ProductDTO">
		select pName, pImg from PRODUCT where pName LIKE '%'||#{keyword}||'%' order by pCode desc
	</select>
	
	<sql id="search">
		<if test="keyword != null and keyword != ''">where pName like '%'|| #{keyword} ||'%'</if>
	</sql>
	
</mapper>