<?xml version="1.0" encoding="UTF-8"?>
<!DOCTYPE mapper PUBLIC "-//mybatis.org//DTD Mapper 3.0//EN" "http://mybatis.org/dtd/mybatis-3-mapper.dtd">
<mapper namespace="com.finalPj.testpj.memberMapper">

<select id="memberLogin" resultType="String"> 
	SELECT mname from member WHERE MID= #{mid} AND MPW=#{mpw}
</select> 

<insert id="memberJoin"> 
INSERT INTO member (mid, mcode, mpw, mname) values (#{mid}, member_seq.nextval, #{mpw}, #{mname})
</insert> 

<select id="memberDetail" resultType="com.finalPj.testpj.dto.MemberDTO"> 
SELECT * from member WHERE mid=#{mid} 
</select> 

<update id="memberEdit"> 
UPDATE member SET mpw=#{mpw}, WHERE mid=#{mid} 
</update> 

<delete id="memberDelete"> 
DELETE from member WHERE mid=#m{id}
</delete> 

<select id="memberFindId" resultType="com.finalPj.testpj.dto.MemberDTO"> 
SELECT id from member WHERE mname=#{mname} 
</select> 

<select id="memberFindPw" resultType="String"> 
SELECT pw from member WHERE mname=#{mname} and mid=#{mid} 
</select> 

<select id="idCheck" resultType="int"> 
SELECT count(*) from member WHERE mid=#{mid} 
</select>

</mapper>